colour	y	x	key	tooltip	clickSelects	showSelected1	showSelected2	fill
#00BFFF	2	-1.48014757986151	rpart1	rpart fold 1 MSE=0.033	1	rpart	sin easy 10	#00BFFF
#00BFFF	2	-1.47728531312482	rpart1	rpart fold 1 MSE=0.033	1	rpart	sin easy 18	#00BFFF
#00BFFF	2	-1.50507772362145	rpart1	rpart fold 1 MSE=0.031	1	rpart	sin easy 32	#00BFFF
#00BFFF	2	-1.51524453046571	rpart1	rpart fold 1 MSE=0.031	1	rpart	sin easy 56	#00BFFF
#00BFFF	2	-1.81996066603195	rpart1	rpart fold 1 MSE=0.015	1	rpart	sin easy 100	#00BFFF
#00BFFF	2	-1.81098449096798	rpart1	rpart fold 1 MSE=0.015	1	rpart	sin easy 178	#00BFFF
#00BFFF	2	-1.89326310802195	rpart1	rpart fold 1 MSE=0.013	1	rpart	sin easy 316	#00BFFF
#00BFFF	2	-1.87213318560602	rpart1	rpart fold 1 MSE=0.013	1	rpart	sin easy 562	#00BFFF
#00BFFF	2	-1.88891805113974	rpart1	rpart fold 1 MSE=0.013	1	rpart	sin easy 1000	#00BFFF
#00BFFF	2	-1.46727219018635	rpart2	rpart fold 2 MSE=0.034	2	rpart	sin easy 10	#00BFFF
#00BFFF	2	-1.47543812446385	rpart2	rpart fold 2 MSE=0.033	2	rpart	sin easy 18	#00BFFF
#00BFFF	2	-1.46560867214622	rpart2	rpart fold 2 MSE=0.034	2	rpart	sin easy 32	#00BFFF
#00BFFF	2	-1.65071198344597	rpart2	rpart fold 2 MSE=0.022	2	rpart	sin easy 56	#00BFFF
#00BFFF	2	-1.77071636849492	rpart2	rpart fold 2 MSE=0.017	2	rpart	sin easy 100	#00BFFF
#00BFFF	2	-1.83663082359157	rpart2	rpart fold 2 MSE=0.015	2	rpart	sin easy 178	#00BFFF
#00BFFF	2	-1.86943331202651	rpart2	rpart fold 2 MSE=0.014	2	rpart	sin easy 316	#00BFFF
#00BFFF	2	-1.90065703198145	rpart2	rpart fold 2 MSE=0.013	2	rpart	sin easy 562	#00BFFF
#00BFFF	2	-1.95213828646254	rpart2	rpart fold 2 MSE=0.011	2	rpart	sin easy 1000	#00BFFF
#00BFFF	2	-1.45505329116047	rpart3	rpart fold 3 MSE=0.035	3	rpart	sin easy 10	#00BFFF
#00BFFF	2	-1.44887568693082	rpart3	rpart fold 3 MSE=0.036	3	rpart	sin easy 18	#00BFFF
#00BFFF	2	-1.46920311216876	rpart3	rpart fold 3 MSE=0.034	3	rpart	sin easy 32	#00BFFF
#00BFFF	2	-1.58739384797788	rpart3	rpart fold 3 MSE=0.026	3	rpart	sin easy 56	#00BFFF
#00BFFF	2	-1.72473861168306	rpart3	rpart fold 3 MSE=0.019	3	rpart	sin easy 100	#00BFFF
#00BFFF	2	-1.86199133289736	rpart3	rpart fold 3 MSE=0.014	3	rpart	sin easy 178	#00BFFF
#00BFFF	2	-1.95445372366816	rpart3	rpart fold 3 MSE=0.011	3	rpart	sin easy 316	#00BFFF
#00BFFF	2	-1.95003837838947	rpart3	rpart fold 3 MSE=0.011	3	rpart	sin easy 562	#00BFFF
#00BFFF	2	-1.9120974651553	rpart3	rpart fold 3 MSE=0.012	3	rpart	sin easy 1000	#00BFFF
#00BFFF	2	-1.40229900944326	rpart4	rpart fold 4 MSE=0.040	4	rpart	sin easy 10	#00BFFF
#00BFFF	2	-1.40653063222211	rpart4	rpart fold 4 MSE=0.039	4	rpart	sin easy 18	#00BFFF
#00BFFF	2	-1.38413319931913	rpart4	rpart fold 4 MSE=0.041	4	rpart	sin easy 32	#00BFFF
#00BFFF	2	-1.60477205636141	rpart4	rpart fold 4 MSE=0.025	4	rpart	sin easy 56	#00BFFF
#00BFFF	2	-1.75026230710574	rpart4	rpart fold 4 MSE=0.018	4	rpart	sin easy 100	#00BFFF
#00BFFF	2	-1.88307737066536	rpart4	rpart fold 4 MSE=0.013	4	rpart	sin easy 178	#00BFFF
#00BFFF	2	-1.92599420480589	rpart4	rpart fold 4 MSE=0.012	4	rpart	sin easy 316	#00BFFF
#00BFFF	2	-1.91886444164138	rpart4	rpart fold 4 MSE=0.012	4	rpart	sin easy 562	#00BFFF
#00BFFF	2	-1.94692726865416	rpart4	rpart fold 4 MSE=0.011	4	rpart	sin easy 1000	#00BFFF
#00BFFF	2	-1.41999844576097	rpart5	rpart fold 5 MSE=0.038	5	rpart	sin easy 10	#00BFFF
#00BFFF	2	-1.41784447652256	rpart5	rpart fold 5 MSE=0.038	5	rpart	sin easy 18	#00BFFF
#00BFFF	2	-1.44849276629219	rpart5	rpart fold 5 MSE=0.036	5	rpart	sin easy 32	#00BFFF
#00BFFF	2	-1.66178906704296	rpart5	rpart fold 5 MSE=0.022	5	rpart	sin easy 56	#00BFFF
#00BFFF	2	-1.80840167177969	rpart5	rpart fold 5 MSE=0.016	5	rpart	sin easy 100	#00BFFF
#00BFFF	2	-1.82171564613611	rpart5	rpart fold 5 MSE=0.015	5	rpart	sin easy 178	#00BFFF
#00BFFF	2	-1.88286307260347	rpart5	rpart fold 5 MSE=0.013	5	rpart	sin easy 316	#00BFFF
#00BFFF	2	-1.89055544540567	rpart5	rpart fold 5 MSE=0.013	5	rpart	sin easy 562	#00BFFF
#00BFFF	2	-1.93086193336242	rpart5	rpart fold 5 MSE=0.012	5	rpart	sin easy 1000	#00BFFF
#00BFFF	2	-1.41785202220618	rpart6	rpart fold 6 MSE=0.038	6	rpart	sin easy 10	#00BFFF
#00BFFF	2	-1.41588884350334	rpart6	rpart fold 6 MSE=0.038	6	rpart	sin easy 18	#00BFFF
#00BFFF	2	-1.44487987414357	rpart6	rpart fold 6 MSE=0.036	6	rpart	sin easy 32	#00BFFF
#00BFFF	2	-1.64048077396134	rpart6	rpart fold 6 MSE=0.023	6	rpart	sin easy 56	#00BFFF
#00BFFF	2	-1.77995215744448	rpart6	rpart fold 6 MSE=0.017	6	rpart	sin easy 100	#00BFFF
#00BFFF	2	-1.82067129588387	rpart6	rpart fold 6 MSE=0.015	6	rpart	sin easy 178	#00BFFF
#00BFFF	2	-1.84890945453213	rpart6	rpart fold 6 MSE=0.014	6	rpart	sin easy 316	#00BFFF
#00BFFF	2	-1.83248661694295	rpart6	rpart fold 6 MSE=0.015	6	rpart	sin easy 562	#00BFFF
#00BFFF	2	-1.86690793925453	rpart6	rpart fold 6 MSE=0.014	6	rpart	sin easy 1000	#00BFFF
#FF0000	1	-1.48014757986151	featureless1	featureless fold 1 MSE=0.033	1	featureless	sin easy 10	#FF0000
#FF0000	1	-1.47728531312482	featureless1	featureless fold 1 MSE=0.033	1	featureless	sin easy 18	#FF0000
#FF0000	1	-1.47993324890904	featureless1	featureless fold 1 MSE=0.033	1	featureless	sin easy 32	#FF0000
#FF0000	1	-1.48016881722218	featureless1	featureless fold 1 MSE=0.033	1	featureless	sin easy 56	#FF0000
#FF0000	1	-1.48009453587868	featureless1	featureless fold 1 MSE=0.033	1	featureless	sin easy 100	#FF0000
#FF0000	1	-1.48015313034965	featureless1	featureless fold 1 MSE=0.033	1	featureless	sin easy 178	#FF0000
#FF0000	1	-1.47888303678238	featureless1	featureless fold 1 MSE=0.033	1	featureless	sin easy 316	#FF0000
#FF0000	1	-1.4785230741866	featureless1	featureless fold 1 MSE=0.033	1	featureless	sin easy 562	#FF0000
#FF0000	1	-1.47789005896408	featureless1	featureless fold 1 MSE=0.033	1	featureless	sin easy 1000	#FF0000
#FF0000	1	-1.46727219018635	featureless2	featureless fold 2 MSE=0.034	2	featureless	sin easy 10	#FF0000
#FF0000	1	-1.47543812446385	featureless2	featureless fold 2 MSE=0.033	2	featureless	sin easy 18	#FF0000
#FF0000	1	-1.47526190935152	featureless2	featureless fold 2 MSE=0.033	2	featureless	sin easy 32	#FF0000
#FF0000	1	-1.47516248237686	featureless2	featureless fold 2 MSE=0.033	2	featureless	sin easy 56	#FF0000
#FF0000	1	-1.47429705970243	featureless2	featureless fold 2 MSE=0.034	2	featureless	sin easy 100	#FF0000
#FF0000	1	-1.47545380552198	featureless2	featureless fold 2 MSE=0.033	2	featureless	sin easy 178	#FF0000
#FF0000	1	-1.47488363186747	featureless2	featureless fold 2 MSE=0.034	2	featureless	sin easy 316	#FF0000
#FF0000	1	-1.47447153127287	featureless2	featureless fold 2 MSE=0.034	2	featureless	sin easy 562	#FF0000
#FF0000	1	-1.47421364090755	featureless2	featureless fold 2 MSE=0.034	2	featureless	sin easy 1000	#FF0000
#FF0000	1	-1.45505329116047	featureless3	featureless fold 3 MSE=0.035	3	featureless	sin easy 10	#FF0000
#FF0000	1	-1.44887568693082	featureless3	featureless fold 3 MSE=0.036	3	featureless	sin easy 18	#FF0000
#FF0000	1	-1.45512838129056	featureless3	featureless fold 3 MSE=0.035	3	featureless	sin easy 32	#FF0000
#FF0000	1	-1.45086309315197	featureless3	featureless fold 3 MSE=0.035	3	featureless	sin easy 56	#FF0000
#FF0000	1	-1.45241332733433	featureless3	featureless fold 3 MSE=0.035	3	featureless	sin easy 100	#FF0000
#FF0000	1	-1.45533949548067	featureless3	featureless fold 3 MSE=0.035	3	featureless	sin easy 178	#FF0000
#FF0000	1	-1.45447517100306	featureless3	featureless fold 3 MSE=0.035	3	featureless	sin easy 316	#FF0000
#FF0000	1	-1.45508429585729	featureless3	featureless fold 3 MSE=0.035	3	featureless	sin easy 562	#FF0000
#FF0000	1	-1.45512541258256	featureless3	featureless fold 3 MSE=0.035	3	featureless	sin easy 1000	#FF0000
#FF0000	1	-1.40229900944326	featureless4	featureless fold 4 MSE=0.040	4	featureless	sin easy 10	#FF0000
#FF0000	1	-1.40653063222211	featureless4	featureless fold 4 MSE=0.039	4	featureless	sin easy 18	#FF0000
#FF0000	1	-1.41220760899948	featureless4	featureless fold 4 MSE=0.039	4	featureless	sin easy 32	#FF0000
#FF0000	1	-1.40580555774614	featureless4	featureless fold 4 MSE=0.039	4	featureless	sin easy 56	#FF0000
#FF0000	1	-1.40959956675498	featureless4	featureless fold 4 MSE=0.039	4	featureless	sin easy 100	#FF0000
#FF0000	1	-1.41220493972953	featureless4	featureless fold 4 MSE=0.039	4	featureless	sin easy 178	#FF0000
#FF0000	1	-1.41164728310445	featureless4	featureless fold 4 MSE=0.039	4	featureless	sin easy 316	#FF0000
#FF0000	1	-1.41205591759982	featureless4	featureless fold 4 MSE=0.039	4	featureless	sin easy 562	#FF0000
#FF0000	1	-1.41132049687617	featureless4	featureless fold 4 MSE=0.039	4	featureless	sin easy 1000	#FF0000
#FF0000	1	-1.41999844576097	featureless5	featureless fold 5 MSE=0.038	5	featureless	sin easy 10	#FF0000
#FF0000	1	-1.41784447652256	featureless5	featureless fold 5 MSE=0.038	5	featureless	sin easy 18	#FF0000
#FF0000	1	-1.42491300718118	featureless5	featureless fold 5 MSE=0.038	5	featureless	sin easy 32	#FF0000
#FF0000	1	-1.42008432191627	featureless5	featureless fold 5 MSE=0.038	5	featureless	sin easy 56	#FF0000
#FF0000	1	-1.42424394526139	featureless5	featureless fold 5 MSE=0.038	5	featureless	sin easy 100	#FF0000
#FF0000	1	-1.42527002210694	featureless5	featureless fold 5 MSE=0.038	5	featureless	sin easy 178	#FF0000
#FF0000	1	-1.42495720546161	featureless5	featureless fold 5 MSE=0.038	5	featureless	sin easy 316	#FF0000
#FF0000	1	-1.42527013929868	featureless5	featureless fold 5 MSE=0.038	5	featureless	sin easy 562	#FF0000
#FF0000	1	-1.42521595634279	featureless5	featureless fold 5 MSE=0.038	5	featureless	sin easy 1000	#FF0000
#FF0000	1	-1.41785202220618	featureless6	featureless fold 6 MSE=0.038	6	featureless	sin easy 10	#FF0000
#FF0000	1	-1.41588884350334	featureless6	featureless fold 6 MSE=0.038	6	featureless	sin easy 18	#FF0000
#FF0000	1	-1.41194299057559	featureless6	featureless fold 6 MSE=0.039	6	featureless	sin easy 32	#FF0000
#FF0000	1	-1.42748549920449	featureless6	featureless fold 6 MSE=0.037	6	featureless	sin easy 56	#FF0000
#FF0000	1	-1.42741171681347	featureless6	featureless fold 6 MSE=0.037	6	featureless	sin easy 100	#FF0000
#FF0000	1	-1.42709861639702	featureless6	featureless fold 6 MSE=0.037	6	featureless	sin easy 178	#FF0000
#FF0000	1	-1.42748196299315	featureless6	featureless fold 6 MSE=0.037	6	featureless	sin easy 316	#FF0000
#FF0000	1	-1.4270787625905	featureless6	featureless fold 6 MSE=0.037	6	featureless	sin easy 562	#FF0000
#FF0000	1	-1.42688716141538	featureless6	featureless fold 6 MSE=0.037	6	featureless	sin easy 1000	#FF0000
#00BFFF	2	-1.50859866089928	rpart1	rpart fold 1 MSE=0.031	1	rpart	sin hard 10	#00BFFF
#00BFFF	2	-1.49209443409422	rpart1	rpart fold 1 MSE=0.032	1	rpart	sin hard 18	#00BFFF
#00BFFF	2	-1.41507071361158	rpart1	rpart fold 1 MSE=0.038	1	rpart	sin hard 32	#00BFFF
#00BFFF	2	-1.45427031423595	rpart1	rpart fold 1 MSE=0.035	1	rpart	sin hard 56	#00BFFF
#00BFFF	2	-1.52134266837106	rpart1	rpart fold 1 MSE=0.030	1	rpart	sin hard 100	#00BFFF
#00BFFF	2	-1.52908197488929	rpart1	rpart fold 1 MSE=0.030	1	rpart	sin hard 178	#00BFFF
#00BFFF	2	-1.51670520620515	rpart1	rpart fold 1 MSE=0.030	1	rpart	sin hard 316	#00BFFF
#00BFFF	2	-1.55619012710746	rpart1	rpart fold 1 MSE=0.028	1	rpart	sin hard 562	#00BFFF
#00BFFF	2	-1.55125453818643	rpart1	rpart fold 1 MSE=0.028	1	rpart	sin hard 1000	#00BFFF
#00BFFF	2	-1.49235621452613	rpart2	rpart fold 2 MSE=0.032	2	rpart	sin hard 10	#00BFFF
#00BFFF	2	-1.47655137695824	rpart2	rpart fold 2 MSE=0.033	2	rpart	sin hard 18	#00BFFF
#00BFFF	2	-1.47961505882085	rpart2	rpart fold 2 MSE=0.033	2	rpart	sin hard 32	#00BFFF
#00BFFF	2	-1.43899351337876	rpart2	rpart fold 2 MSE=0.036	2	rpart	sin hard 56	#00BFFF
#00BFFF	2	-1.49376014779988	rpart2	rpart fold 2 MSE=0.032	2	rpart	sin hard 100	#00BFFF
#00BFFF	2	-1.50950632930488	rpart2	rpart fold 2 MSE=0.031	2	rpart	sin hard 178	#00BFFF
#00BFFF	2	-1.55090156422702	rpart2	rpart fold 2 MSE=0.028	2	rpart	sin hard 316	#00BFFF
#00BFFF	2	-1.54737804251338	rpart2	rpart fold 2 MSE=0.028	2	rpart	sin hard 562	#00BFFF
#00BFFF	2	-1.57602275750037	rpart2	rpart fold 2 MSE=0.027	2	rpart	sin hard 1000	#00BFFF
#00BFFF	2	-1.56316813535938	rpart3	rpart fold 3 MSE=0.027	3	rpart	sin hard 10	#00BFFF
#00BFFF	2	-1.57457411545787	rpart3	rpart fold 3 MSE=0.027	3	rpart	sin hard 18	#00BFFF
#00BFFF	2	-1.46358658455965	rpart3	rpart fold 3 MSE=0.034	3	rpart	sin hard 32	#00BFFF
#00BFFF	2	-1.45014980403776	rpart3	rpart fold 3 MSE=0.035	3	rpart	sin hard 56	#00BFFF
#00BFFF	2	-1.57919980885227	rpart3	rpart fold 3 MSE=0.026	3	rpart	sin hard 100	#00BFFF
#00BFFF	2	-1.55875611405524	rpart3	rpart fold 3 MSE=0.028	3	rpart	sin hard 178	#00BFFF
#00BFFF	2	-1.56276251149678	rpart3	rpart fold 3 MSE=0.027	3	rpart	sin hard 316	#00BFFF
#00BFFF	2	-1.64556815459932	rpart3	rpart fold 3 MSE=0.023	3	rpart	sin hard 562	#00BFFF
#00BFFF	2	-1.63224821512484	rpart3	rpart fold 3 MSE=0.023	3	rpart	sin hard 1000	#00BFFF
#00BFFF	2	-1.51199360076641	rpart4	rpart fold 4 MSE=0.031	4	rpart	sin hard 10	#00BFFF
#00BFFF	2	-1.52373586137336	rpart4	rpart fold 4 MSE=0.030	4	rpart	sin hard 18	#00BFFF
#00BFFF	2	-1.51191971869895	rpart4	rpart fold 4 MSE=0.031	4	rpart	sin hard 32	#00BFFF
#00BFFF	2	-1.54451523510869	rpart4	rpart fold 4 MSE=0.029	4	rpart	sin hard 56	#00BFFF
#00BFFF	2	-1.61410766259477	rpart4	rpart fold 4 MSE=0.024	4	rpart	sin hard 100	#00BFFF
#00BFFF	2	-1.63174628605454	rpart4	rpart fold 4 MSE=0.023	4	rpart	sin hard 178	#00BFFF
#00BFFF	2	-1.63104273168766	rpart4	rpart fold 4 MSE=0.023	4	rpart	sin hard 316	#00BFFF
#00BFFF	2	-1.61314755093526	rpart4	rpart fold 4 MSE=0.024	4	rpart	sin hard 562	#00BFFF
#00BFFF	2	-1.62230134860361	rpart4	rpart fold 4 MSE=0.024	4	rpart	sin hard 1000	#00BFFF
#00BFFF	2	-1.50152859787402	rpart5	rpart fold 5 MSE=0.032	5	rpart	sin hard 10	#00BFFF
#00BFFF	2	-1.49608876125999	rpart5	rpart fold 5 MSE=0.032	5	rpart	sin hard 18	#00BFFF
#00BFFF	2	-1.46303161537399	rpart5	rpart fold 5 MSE=0.034	5	rpart	sin hard 32	#00BFFF
#00BFFF	2	-1.50081311609114	rpart5	rpart fold 5 MSE=0.032	5	rpart	sin hard 56	#00BFFF
#00BFFF	2	-1.58967409627181	rpart5	rpart fold 5 MSE=0.026	5	rpart	sin hard 100	#00BFFF
#00BFFF	2	-1.55570844103863	rpart5	rpart fold 5 MSE=0.028	5	rpart	sin hard 178	#00BFFF
#00BFFF	2	-1.58329382272791	rpart5	rpart fold 5 MSE=0.026	5	rpart	sin hard 316	#00BFFF
#00BFFF	2	-1.58728364456748	rpart5	rpart fold 5 MSE=0.026	5	rpart	sin hard 562	#00BFFF
#00BFFF	2	-1.60017190058171	rpart5	rpart fold 5 MSE=0.025	5	rpart	sin hard 1000	#00BFFF
#00BFFF	2	-1.5153641206941	rpart6	rpart fold 6 MSE=0.031	6	rpart	sin hard 10	#00BFFF
#00BFFF	2	-1.51230110743163	rpart6	rpart fold 6 MSE=0.031	6	rpart	sin hard 18	#00BFFF
#00BFFF	2	-1.46142921408741	rpart6	rpart fold 6 MSE=0.035	6	rpart	sin hard 32	#00BFFF
#00BFFF	2	-1.54554876184725	rpart6	rpart fold 6 MSE=0.028	6	rpart	sin hard 56	#00BFFF
#00BFFF	2	-1.59976336459406	rpart6	rpart fold 6 MSE=0.025	6	rpart	sin hard 100	#00BFFF
#00BFFF	2	-1.62480143902652	rpart6	rpart fold 6 MSE=0.024	6	rpart	sin hard 178	#00BFFF
#00BFFF	2	-1.64534583047485	rpart6	rpart fold 6 MSE=0.023	6	rpart	sin hard 316	#00BFFF
#00BFFF	2	-1.67668300390877	rpart6	rpart fold 6 MSE=0.021	6	rpart	sin hard 562	#00BFFF
#00BFFF	2	-1.66457302314953	rpart6	rpart fold 6 MSE=0.022	6	rpart	sin hard 1000	#00BFFF
#FF0000	1	-1.50859866089928	featureless1	featureless fold 1 MSE=0.031	1	featureless	sin hard 10	#FF0000
#FF0000	1	-1.49209443409422	featureless1	featureless fold 1 MSE=0.032	1	featureless	sin hard 18	#FF0000
#FF0000	1	-1.49608104879144	featureless1	featureless fold 1 MSE=0.032	1	featureless	sin hard 32	#FF0000
#FF0000	1	-1.50364477462722	featureless1	featureless fold 1 MSE=0.031	1	featureless	sin hard 56	#FF0000
#FF0000	1	-1.49823462946978	featureless1	featureless fold 1 MSE=0.032	1	featureless	sin hard 100	#FF0000
#FF0000	1	-1.50225638384748	featureless1	featureless fold 1 MSE=0.031	1	featureless	sin hard 178	#FF0000
#FF0000	1	-1.50770636453724	featureless1	featureless fold 1 MSE=0.031	1	featureless	sin hard 316	#FF0000
#FF0000	1	-1.5073204624292	featureless1	featureless fold 1 MSE=0.031	1	featureless	sin hard 562	#FF0000
#FF0000	1	-1.50754784536481	featureless1	featureless fold 1 MSE=0.031	1	featureless	sin hard 1000	#FF0000
#FF0000	1	-1.49235621452613	featureless2	featureless fold 2 MSE=0.032	2	featureless	sin hard 10	#FF0000
#FF0000	1	-1.47655137695824	featureless2	featureless fold 2 MSE=0.033	2	featureless	sin hard 18	#FF0000
#FF0000	1	-1.47178248591809	featureless2	featureless fold 2 MSE=0.034	2	featureless	sin hard 32	#FF0000
#FF0000	1	-1.48630572886334	featureless2	featureless fold 2 MSE=0.033	2	featureless	sin hard 56	#FF0000
#FF0000	1	-1.48207918174707	featureless2	featureless fold 2 MSE=0.033	2	featureless	sin hard 100	#FF0000
#FF0000	1	-1.48861998943041	featureless2	featureless fold 2 MSE=0.032	2	featureless	sin hard 178	#FF0000
#FF0000	1	-1.49234615488173	featureless2	featureless fold 2 MSE=0.032	2	featureless	sin hard 316	#FF0000
#FF0000	1	-1.48806999137493	featureless2	featureless fold 2 MSE=0.033	2	featureless	sin hard 562	#FF0000
#FF0000	1	-1.49102312552737	featureless2	featureless fold 2 MSE=0.032	2	featureless	sin hard 1000	#FF0000
#FF0000	1	-1.56316813535938	featureless3	featureless fold 3 MSE=0.027	3	featureless	sin hard 10	#FF0000
#FF0000	1	-1.57457411545787	featureless3	featureless fold 3 MSE=0.027	3	featureless	sin hard 18	#FF0000
#FF0000	1	-1.56663119760758	featureless3	featureless fold 3 MSE=0.027	3	featureless	sin hard 32	#FF0000
#FF0000	1	-1.56195881193961	featureless3	featureless fold 3 MSE=0.027	3	featureless	sin hard 56	#FF0000
#FF0000	1	-1.56184686143758	featureless3	featureless fold 3 MSE=0.027	3	featureless	sin hard 100	#FF0000
#FF0000	1	-1.5693465447303	featureless3	featureless fold 3 MSE=0.027	3	featureless	sin hard 178	#FF0000
#FF0000	1	-1.57420964622205	featureless3	featureless fold 3 MSE=0.027	3	featureless	sin hard 316	#FF0000
#FF0000	1	-1.57501987113371	featureless3	featureless fold 3 MSE=0.027	3	featureless	sin hard 562	#FF0000
#FF0000	1	-1.57524666820024	featureless3	featureless fold 3 MSE=0.027	3	featureless	sin hard 1000	#FF0000
#FF0000	1	-1.51199360076641	featureless4	featureless fold 4 MSE=0.031	4	featureless	sin hard 10	#FF0000
#FF0000	1	-1.52373586137336	featureless4	featureless fold 4 MSE=0.030	4	featureless	sin hard 18	#FF0000
#FF0000	1	-1.52854794912459	featureless4	featureless fold 4 MSE=0.030	4	featureless	sin hard 32	#FF0000
#FF0000	1	-1.52217960395086	featureless4	featureless fold 4 MSE=0.030	4	featureless	sin hard 56	#FF0000
#FF0000	1	-1.52028218742829	featureless4	featureless fold 4 MSE=0.030	4	featureless	sin hard 100	#FF0000
#FF0000	1	-1.52589413851054	featureless4	featureless fold 4 MSE=0.030	4	featureless	sin hard 178	#FF0000
#FF0000	1	-1.52806269798646	featureless4	featureless fold 4 MSE=0.030	4	featureless	sin hard 316	#FF0000
#FF0000	1	-1.52882155528356	featureless4	featureless fold 4 MSE=0.030	4	featureless	sin hard 562	#FF0000
#FF0000	1	-1.52872403083575	featureless4	featureless fold 4 MSE=0.030	4	featureless	sin hard 1000	#FF0000
#FF0000	1	-1.50152859787402	featureless5	featureless fold 5 MSE=0.032	5	featureless	sin hard 10	#FF0000
#FF0000	1	-1.49608876125999	featureless5	featureless fold 5 MSE=0.032	5	featureless	sin hard 18	#FF0000
#FF0000	1	-1.49448862912272	featureless5	featureless fold 5 MSE=0.032	5	featureless	sin hard 32	#FF0000
#FF0000	1	-1.48168330954656	featureless5	featureless fold 5 MSE=0.033	5	featureless	sin hard 56	#FF0000
#FF0000	1	-1.49559114204383	featureless5	featureless fold 5 MSE=0.032	5	featureless	sin hard 100	#FF0000
#FF0000	1	-1.4984712424	featureless5	featureless fold 5 MSE=0.032	5	featureless	sin hard 178	#FF0000
#FF0000	1	-1.50030849883568	featureless5	featureless fold 5 MSE=0.032	5	featureless	sin hard 316	#FF0000
#FF0000	1	-1.50119999180122	featureless5	featureless fold 5 MSE=0.032	5	featureless	sin hard 562	#FF0000
#FF0000	1	-1.49882705436775	featureless5	featureless fold 5 MSE=0.032	5	featureless	sin hard 1000	#FF0000
#FF0000	1	-1.5153641206941	featureless6	featureless fold 6 MSE=0.031	6	featureless	sin hard 10	#FF0000
#FF0000	1	-1.51230110743163	featureless6	featureless fold 6 MSE=0.031	6	featureless	sin hard 18	#FF0000
#FF0000	1	-1.55056171104786	featureless6	featureless fold 6 MSE=0.028	6	featureless	sin hard 32	#FF0000
#FF0000	1	-1.54398451047554	featureless6	featureless fold 6 MSE=0.029	6	featureless	sin hard 56	#FF0000
#FF0000	1	-1.55033857439019	featureless6	featureless fold 6 MSE=0.028	6	featureless	sin hard 100	#FF0000
#FF0000	1	-1.550686255625	featureless6	featureless fold 6 MSE=0.028	6	featureless	sin hard 178	#FF0000
#FF0000	1	-1.54988850116782	featureless6	featureless fold 6 MSE=0.028	6	featureless	sin hard 316	#FF0000
#FF0000	1	-1.54952127369324	featureless6	featureless fold 6 MSE=0.028	6	featureless	sin hard 562	#FF0000
#FF0000	1	-1.55069393522318	featureless6	featureless fold 6 MSE=0.028	6	featureless	sin hard 1000	#FF0000
#00BFFF	2	-1.49867113379997	rpart1	rpart fold 1 MSE=0.032	1	rpart	sin impossible 10	#00BFFF
#00BFFF	2	-1.58248342804228	rpart1	rpart fold 1 MSE=0.026	1	rpart	sin impossible 18	#00BFFF
#00BFFF	2	-1.55393171969995	rpart1	rpart fold 1 MSE=0.028	1	rpart	sin impossible 32	#00BFFF
#00BFFF	2	-1.44814056229558	rpart1	rpart fold 1 MSE=0.036	1	rpart	sin impossible 56	#00BFFF
#00BFFF	2	-1.44924371024856	rpart1	rpart fold 1 MSE=0.036	1	rpart	sin impossible 100	#00BFFF
#00BFFF	2	-1.52812269138613	rpart1	rpart fold 1 MSE=0.030	1	rpart	sin impossible 178	#00BFFF
#00BFFF	2	-1.49562291460274	rpart1	rpart fold 1 MSE=0.032	1	rpart	sin impossible 316	#00BFFF
#00BFFF	2	-1.55696687676007	rpart1	rpart fold 1 MSE=0.028	1	rpart	sin impossible 562	#00BFFF
#00BFFF	2	-1.56484408092257	rpart1	rpart fold 1 MSE=0.027	1	rpart	sin impossible 1000	#00BFFF
#00BFFF	2	-1.57238895337782	rpart2	rpart fold 2 MSE=0.027	2	rpart	sin impossible 10	#00BFFF
#00BFFF	2	-1.53887860164293	rpart2	rpart fold 2 MSE=0.029	2	rpart	sin impossible 18	#00BFFF
#00BFFF	2	-1.56549906355311	rpart2	rpart fold 2 MSE=0.027	2	rpart	sin impossible 32	#00BFFF
#00BFFF	2	-1.45845911975968	rpart2	rpart fold 2 MSE=0.035	2	rpart	sin impossible 56	#00BFFF
#00BFFF	2	-1.4587108962172	rpart2	rpart fold 2 MSE=0.035	2	rpart	sin impossible 100	#00BFFF
#00BFFF	2	-1.48072234239632	rpart2	rpart fold 2 MSE=0.033	2	rpart	sin impossible 178	#00BFFF
#00BFFF	2	-1.52383288267725	rpart2	rpart fold 2 MSE=0.030	2	rpart	sin impossible 316	#00BFFF
#00BFFF	2	-1.57509369557975	rpart2	rpart fold 2 MSE=0.027	2	rpart	sin impossible 562	#00BFFF
#00BFFF	2	-1.57500757918434	rpart2	rpart fold 2 MSE=0.027	2	rpart	sin impossible 1000	#00BFFF
#00BFFF	2	-1.53616670844151	rpart3	rpart fold 3 MSE=0.029	3	rpart	sin impossible 10	#00BFFF
#00BFFF	2	-1.53908055321652	rpart3	rpart fold 3 MSE=0.029	3	rpart	sin impossible 18	#00BFFF
#00BFFF	2	-1.55140771011043	rpart3	rpart fold 3 MSE=0.028	3	rpart	sin impossible 32	#00BFFF
#00BFFF	2	-1.44805851003683	rpart3	rpart fold 3 MSE=0.036	3	rpart	sin impossible 56	#00BFFF
#00BFFF	2	-1.44054619209723	rpart3	rpart fold 3 MSE=0.036	3	rpart	sin impossible 100	#00BFFF
#00BFFF	2	-1.45193588372909	rpart3	rpart fold 3 MSE=0.035	3	rpart	sin impossible 178	#00BFFF
#00BFFF	2	-1.50748873989818	rpart3	rpart fold 3 MSE=0.031	3	rpart	sin impossible 316	#00BFFF
#00BFFF	2	-1.55027892426972	rpart3	rpart fold 3 MSE=0.028	3	rpart	sin impossible 562	#00BFFF
#00BFFF	2	-1.55065807169293	rpart3	rpart fold 3 MSE=0.028	3	rpart	sin impossible 1000	#00BFFF
#00BFFF	2	-1.52490364458148	rpart4	rpart fold 4 MSE=0.030	4	rpart	sin impossible 10	#00BFFF
#00BFFF	2	-1.54532061277315	rpart4	rpart fold 4 MSE=0.028	4	rpart	sin impossible 18	#00BFFF
#00BFFF	2	-1.50779006354897	rpart4	rpart fold 4 MSE=0.031	4	rpart	sin impossible 32	#00BFFF
#00BFFF	2	-1.47606362283071	rpart4	rpart fold 4 MSE=0.033	4	rpart	sin impossible 56	#00BFFF
#00BFFF	2	-1.45104970828493	rpart4	rpart fold 4 MSE=0.035	4	rpart	sin impossible 100	#00BFFF
#00BFFF	2	-1.45205773355122	rpart4	rpart fold 4 MSE=0.035	4	rpart	sin impossible 178	#00BFFF
#00BFFF	2	-1.50866740517581	rpart4	rpart fold 4 MSE=0.031	4	rpart	sin impossible 316	#00BFFF
#00BFFF	2	-1.54753382482653	rpart4	rpart fold 4 MSE=0.028	4	rpart	sin impossible 562	#00BFFF
#00BFFF	2	-1.54811391626982	rpart4	rpart fold 4 MSE=0.028	4	rpart	sin impossible 1000	#00BFFF
#00BFFF	2	-1.63091646750097	rpart5	rpart fold 5 MSE=0.023	5	rpart	sin impossible 10	#00BFFF
#00BFFF	2	-1.63079997842918	rpart5	rpart fold 5 MSE=0.023	5	rpart	sin impossible 18	#00BFFF
#00BFFF	2	-1.56932675680924	rpart5	rpart fold 5 MSE=0.027	5	rpart	sin impossible 32	#00BFFF
#00BFFF	2	-1.52499724166717	rpart5	rpart fold 5 MSE=0.030	5	rpart	sin impossible 56	#00BFFF
#00BFFF	2	-1.51644925071461	rpart5	rpart fold 5 MSE=0.030	5	rpart	sin impossible 100	#00BFFF
#00BFFF	2	-1.56724886059593	rpart5	rpart fold 5 MSE=0.027	5	rpart	sin impossible 178	#00BFFF
#00BFFF	2	-1.59523925304918	rpart5	rpart fold 5 MSE=0.025	5	rpart	sin impossible 316	#00BFFF
#00BFFF	2	-1.62213671085346	rpart5	rpart fold 5 MSE=0.024	5	rpart	sin impossible 562	#00BFFF
#00BFFF	2	-1.60537117586339	rpart5	rpart fold 5 MSE=0.025	5	rpart	sin impossible 1000	#00BFFF
#00BFFF	2	-1.47167226467287	rpart6	rpart fold 6 MSE=0.034	6	rpart	sin impossible 10	#00BFFF
#00BFFF	2	-1.4737058516913	rpart6	rpart fold 6 MSE=0.034	6	rpart	sin impossible 18	#00BFFF
#00BFFF	2	-1.48062199682211	rpart6	rpart fold 6 MSE=0.033	6	rpart	sin impossible 32	#00BFFF
#00BFFF	2	-1.46588609953871	rpart6	rpart fold 6 MSE=0.034	6	rpart	sin impossible 56	#00BFFF
#00BFFF	2	-1.49189214286633	rpart6	rpart fold 6 MSE=0.032	6	rpart	sin impossible 100	#00BFFF
#00BFFF	2	-1.49910754065235	rpart6	rpart fold 6 MSE=0.032	6	rpart	sin impossible 178	#00BFFF
#00BFFF	2	-1.48493515302091	rpart6	rpart fold 6 MSE=0.033	6	rpart	sin impossible 316	#00BFFF
#00BFFF	2	-1.51986087006355	rpart6	rpart fold 6 MSE=0.030	6	rpart	sin impossible 562	#00BFFF
#00BFFF	2	-1.51990214294009	rpart6	rpart fold 6 MSE=0.030	6	rpart	sin impossible 1000	#00BFFF
#FF0000	1	-1.49867113379997	featureless1	featureless fold 1 MSE=0.032	1	featureless	sin impossible 10	#FF0000
#FF0000	1	-1.58248342804228	featureless1	featureless fold 1 MSE=0.026	1	featureless	sin impossible 18	#FF0000
#FF0000	1	-1.5747376387546	featureless1	featureless fold 1 MSE=0.027	1	featureless	sin impossible 32	#FF0000
#FF0000	1	-1.58144206233631	featureless1	featureless fold 1 MSE=0.026	1	featureless	sin impossible 56	#FF0000
#FF0000	1	-1.58189014139595	featureless1	featureless fold 1 MSE=0.026	1	featureless	sin impossible 100	#FF0000
#FF0000	1	-1.58176103202541	featureless1	featureless fold 1 MSE=0.026	1	featureless	sin impossible 178	#FF0000
#FF0000	1	-1.58212485556013	featureless1	featureless fold 1 MSE=0.026	1	featureless	sin impossible 316	#FF0000
#FF0000	1	-1.58189008765224	featureless1	featureless fold 1 MSE=0.026	1	featureless	sin impossible 562	#FF0000
#FF0000	1	-1.58250746155501	featureless1	featureless fold 1 MSE=0.026	1	featureless	sin impossible 1000	#FF0000
#FF0000	1	-1.57238895337782	featureless2	featureless fold 2 MSE=0.027	2	featureless	sin impossible 10	#FF0000
#FF0000	1	-1.53887860164293	featureless2	featureless fold 2 MSE=0.029	2	featureless	sin impossible 18	#FF0000
#FF0000	1	-1.57415764545516	featureless2	featureless fold 2 MSE=0.027	2	featureless	sin impossible 32	#FF0000
#FF0000	1	-1.57078274783822	featureless2	featureless fold 2 MSE=0.027	2	featureless	sin impossible 56	#FF0000
#FF0000	1	-1.57107777117711	featureless2	featureless fold 2 MSE=0.027	2	featureless	sin impossible 100	#FF0000
#FF0000	1	-1.5739569328733	featureless2	featureless fold 2 MSE=0.027	2	featureless	sin impossible 178	#FF0000
#FF0000	1	-1.57388460847852	featureless2	featureless fold 2 MSE=0.027	2	featureless	sin impossible 316	#FF0000
#FF0000	1	-1.57509369557975	featureless2	featureless fold 2 MSE=0.027	2	featureless	sin impossible 562	#FF0000
#FF0000	1	-1.57500757918434	featureless2	featureless fold 2 MSE=0.027	2	featureless	sin impossible 1000	#FF0000
#FF0000	1	-1.53616670844151	featureless3	featureless fold 3 MSE=0.029	3	featureless	sin impossible 10	#FF0000
#FF0000	1	-1.53908055321652	featureless3	featureless fold 3 MSE=0.029	3	featureless	sin impossible 18	#FF0000
#FF0000	1	-1.5457508639902	featureless3	featureless fold 3 MSE=0.028	3	featureless	sin impossible 32	#FF0000
#FF0000	1	-1.5507215462125	featureless3	featureless fold 3 MSE=0.028	3	featureless	sin impossible 56	#FF0000
#FF0000	1	-1.55048096702251	featureless3	featureless fold 3 MSE=0.028	3	featureless	sin impossible 100	#FF0000
#FF0000	1	-1.55039144189627	featureless3	featureless fold 3 MSE=0.028	3	featureless	sin impossible 178	#FF0000
#FF0000	1	-1.55078483624141	featureless3	featureless fold 3 MSE=0.028	3	featureless	sin impossible 316	#FF0000
#FF0000	1	-1.55027892426972	featureless3	featureless fold 3 MSE=0.028	3	featureless	sin impossible 562	#FF0000
#FF0000	1	-1.55065807169293	featureless3	featureless fold 3 MSE=0.028	3	featureless	sin impossible 1000	#FF0000
#FF0000	1	-1.52490364458148	featureless4	featureless fold 4 MSE=0.030	4	featureless	sin impossible 10	#FF0000
#FF0000	1	-1.54532061277315	featureless4	featureless fold 4 MSE=0.028	4	featureless	sin impossible 18	#FF0000
#FF0000	1	-1.53426719348198	featureless4	featureless fold 4 MSE=0.029	4	featureless	sin impossible 32	#FF0000
#FF0000	1	-1.54518719685794	featureless4	featureless fold 4 MSE=0.028	4	featureless	sin impossible 56	#FF0000
#FF0000	1	-1.54808256973432	featureless4	featureless fold 4 MSE=0.028	4	featureless	sin impossible 100	#FF0000
#FF0000	1	-1.54822342498079	featureless4	featureless fold 4 MSE=0.028	4	featureless	sin impossible 178	#FF0000
#FF0000	1	-1.54823054653018	featureless4	featureless fold 4 MSE=0.028	4	featureless	sin impossible 316	#FF0000
#FF0000	1	-1.54753382482653	featureless4	featureless fold 4 MSE=0.028	4	featureless	sin impossible 562	#FF0000
#FF0000	1	-1.54811391626982	featureless4	featureless fold 4 MSE=0.028	4	featureless	sin impossible 1000	#FF0000
#FF0000	1	-1.63091646750097	featureless5	featureless fold 5 MSE=0.023	5	featureless	sin impossible 10	#FF0000
#FF0000	1	-1.63079997842918	featureless5	featureless fold 5 MSE=0.023	5	featureless	sin impossible 18	#FF0000
#FF0000	1	-1.59709376379514	featureless5	featureless fold 5 MSE=0.025	5	featureless	sin impossible 32	#FF0000
#FF0000	1	-1.619242804392	featureless5	featureless fold 5 MSE=0.024	5	featureless	sin impossible 56	#FF0000
#FF0000	1	-1.61493419082185	featureless5	featureless fold 5 MSE=0.024	5	featureless	sin impossible 100	#FF0000
#FF0000	1	-1.6222238197475	featureless5	featureless fold 5 MSE=0.024	5	featureless	sin impossible 178	#FF0000
#FF0000	1	-1.62224527484567	featureless5	featureless fold 5 MSE=0.024	5	featureless	sin impossible 316	#FF0000
#FF0000	1	-1.62213671085346	featureless5	featureless fold 5 MSE=0.024	5	featureless	sin impossible 562	#FF0000
#FF0000	1	-1.62245413428924	featureless5	featureless fold 5 MSE=0.024	5	featureless	sin impossible 1000	#FF0000
#FF0000	1	-1.47167226467287	featureless6	featureless fold 6 MSE=0.034	6	featureless	sin impossible 10	#FF0000
#FF0000	1	-1.4737058516913	featureless6	featureless fold 6 MSE=0.034	6	featureless	sin impossible 18	#FF0000
#FF0000	1	-1.52636416045019	featureless6	featureless fold 6 MSE=0.030	6	featureless	sin impossible 32	#FF0000
#FF0000	1	-1.52940349182323	featureless6	featureless fold 6 MSE=0.030	6	featureless	sin impossible 56	#FF0000
#FF0000	1	-1.52848407177672	featureless6	featureless fold 6 MSE=0.030	6	featureless	sin impossible 100	#FF0000
#FF0000	1	-1.51977299975038	featureless6	featureless fold 6 MSE=0.030	6	featureless	sin impossible 178	#FF0000
#FF0000	1	-1.5161698159491	featureless6	featureless fold 6 MSE=0.030	6	featureless	sin impossible 316	#FF0000
#FF0000	1	-1.51986087006355	featureless6	featureless fold 6 MSE=0.030	6	featureless	sin impossible 562	#FF0000
#FF0000	1	-1.51990214294009	featureless6	featureless fold 6 MSE=0.030	6	featureless	sin impossible 1000	#FF0000
#00BFFF	2	-1.67323787029126	rpart1	rpart fold 1 MSE=0.021	1	rpart	constant easy 10	#00BFFF
#00BFFF	2	-1.68183934782743	rpart1	rpart fold 1 MSE=0.021	1	rpart	constant easy 18	#00BFFF
#00BFFF	2	-1.64107810375329	rpart1	rpart fold 1 MSE=0.023	1	rpart	constant easy 32	#00BFFF
#00BFFF	2	-1.63174527412089	rpart1	rpart fold 1 MSE=0.023	1	rpart	constant easy 56	#00BFFF
#00BFFF	2	-1.64462192889611	rpart1	rpart fold 1 MSE=0.023	1	rpart	constant easy 100	#00BFFF
#00BFFF	2	-1.64566550770412	rpart1	rpart fold 1 MSE=0.023	1	rpart	constant easy 178	#00BFFF
#00BFFF	2	-1.65397026830867	rpart1	rpart fold 1 MSE=0.022	1	rpart	constant easy 316	#00BFFF
#00BFFF	2	-1.67623364108289	rpart1	rpart fold 1 MSE=0.021	1	rpart	constant easy 562	#00BFFF
#00BFFF	2	-1.67470308331666	rpart1	rpart fold 1 MSE=0.021	1	rpart	constant easy 1000	#00BFFF
#00BFFF	2	-1.56868300418056	rpart2	rpart fold 2 MSE=0.027	2	rpart	constant easy 10	#00BFFF
#00BFFF	2	-1.57038373951243	rpart2	rpart fold 2 MSE=0.027	2	rpart	constant easy 18	#00BFFF
#00BFFF	2	-1.47760220026309	rpart2	rpart fold 2 MSE=0.033	2	rpart	constant easy 32	#00BFFF
#00BFFF	2	-1.47578076556738	rpart2	rpart fold 2 MSE=0.033	2	rpart	constant easy 56	#00BFFF
#00BFFF	2	-1.50722402801768	rpart2	rpart fold 2 MSE=0.031	2	rpart	constant easy 100	#00BFFF
#00BFFF	2	-1.54207829122728	rpart2	rpart fold 2 MSE=0.029	2	rpart	constant easy 178	#00BFFF
#00BFFF	2	-1.57737509535898	rpart2	rpart fold 2 MSE=0.026	2	rpart	constant easy 316	#00BFFF
#00BFFF	2	-1.57159649569328	rpart2	rpart fold 2 MSE=0.027	2	rpart	constant easy 562	#00BFFF
#00BFFF	2	-1.57040727344175	rpart2	rpart fold 2 MSE=0.027	2	rpart	constant easy 1000	#00BFFF
#00BFFF	2	-1.65424742300773	rpart3	rpart fold 3 MSE=0.022	3	rpart	constant easy 10	#00BFFF
#00BFFF	2	-1.60684904986262	rpart3	rpart fold 3 MSE=0.025	3	rpart	constant easy 18	#00BFFF
#00BFFF	2	-1.47784980081149	rpart3	rpart fold 3 MSE=0.033	3	rpart	constant easy 32	#00BFFF
#00BFFF	2	-1.55341723082017	rpart3	rpart fold 3 MSE=0.028	3	rpart	constant easy 56	#00BFFF
#00BFFF	2	-1.55824340229101	rpart3	rpart fold 3 MSE=0.028	3	rpart	constant easy 100	#00BFFF
#00BFFF	2	-1.5962752329773	rpart3	rpart fold 3 MSE=0.025	3	rpart	constant easy 178	#00BFFF
#00BFFF	2	-1.60666507391566	rpart3	rpart fold 3 MSE=0.025	3	rpart	constant easy 316	#00BFFF
#00BFFF	2	-1.63176892673536	rpart3	rpart fold 3 MSE=0.023	3	rpart	constant easy 562	#00BFFF
#00BFFF	2	-1.6660158530885	rpart3	rpart fold 3 MSE=0.022	3	rpart	constant easy 1000	#00BFFF
#00BFFF	2	-1.60173343002847	rpart4	rpart fold 4 MSE=0.025	4	rpart	constant easy 10	#00BFFF
#00BFFF	2	-1.58149293186353	rpart4	rpart fold 4 MSE=0.026	4	rpart	constant easy 18	#00BFFF
#00BFFF	2	-1.60331732412637	rpart4	rpart fold 4 MSE=0.025	4	rpart	constant easy 32	#00BFFF
#00BFFF	2	-1.5543339755362	rpart4	rpart fold 4 MSE=0.028	4	rpart	constant easy 56	#00BFFF
#00BFFF	2	-1.57444274015584	rpart4	rpart fold 4 MSE=0.027	4	rpart	constant easy 100	#00BFFF
#00BFFF	2	-1.52538689555932	rpart4	rpart fold 4 MSE=0.030	4	rpart	constant easy 178	#00BFFF
#00BFFF	2	-1.57201058982427	rpart4	rpart fold 4 MSE=0.027	4	rpart	constant easy 316	#00BFFF
#00BFFF	2	-1.58757089604392	rpart4	rpart fold 4 MSE=0.026	4	rpart	constant easy 562	#00BFFF
#00BFFF	2	-1.60200271022318	rpart4	rpart fold 4 MSE=0.025	4	rpart	constant easy 1000	#00BFFF
#00BFFF	2	-1.64475155209712	rpart5	rpart fold 5 MSE=0.023	5	rpart	constant easy 10	#00BFFF
#00BFFF	2	-1.64312801647391	rpart5	rpart fold 5 MSE=0.023	5	rpart	constant easy 18	#00BFFF
#00BFFF	2	-1.61894471330862	rpart5	rpart fold 5 MSE=0.024	5	rpart	constant easy 32	#00BFFF
#00BFFF	2	-1.62332464881992	rpart5	rpart fold 5 MSE=0.024	5	rpart	constant easy 56	#00BFFF
#00BFFF	2	-1.58488346363022	rpart5	rpart fold 5 MSE=0.026	5	rpart	constant easy 100	#00BFFF
#00BFFF	2	-1.54684633112493	rpart5	rpart fold 5 MSE=0.028	5	rpart	constant easy 178	#00BFFF
#00BFFF	2	-1.61823848274722	rpart5	rpart fold 5 MSE=0.024	5	rpart	constant easy 316	#00BFFF
#00BFFF	2	-1.62106809626213	rpart5	rpart fold 5 MSE=0.024	5	rpart	constant easy 562	#00BFFF
#00BFFF	2	-1.64630177273113	rpart5	rpart fold 5 MSE=0.023	5	rpart	constant easy 1000	#00BFFF
#00BFFF	2	-1.62218411535181	rpart6	rpart fold 6 MSE=0.024	6	rpart	constant easy 10	#00BFFF
#00BFFF	2	-1.6535787519334	rpart6	rpart fold 6 MSE=0.022	6	rpart	constant easy 18	#00BFFF
#00BFFF	2	-1.60200787592078	rpart6	rpart fold 6 MSE=0.025	6	rpart	constant easy 32	#00BFFF
#00BFFF	2	-1.64972807552857	rpart6	rpart fold 6 MSE=0.022	6	rpart	constant easy 56	#00BFFF
#00BFFF	2	-1.61528925868603	rpart6	rpart fold 6 MSE=0.024	6	rpart	constant easy 100	#00BFFF
#00BFFF	2	-1.5877474784323	rpart6	rpart fold 6 MSE=0.026	6	rpart	constant easy 178	#00BFFF
#00BFFF	2	-1.60411125036038	rpart6	rpart fold 6 MSE=0.025	6	rpart	constant easy 316	#00BFFF
#00BFFF	2	-1.60614328515718	rpart6	rpart fold 6 MSE=0.025	6	rpart	constant easy 562	#00BFFF
#00BFFF	2	-1.64892370575324	rpart6	rpart fold 6 MSE=0.022	6	rpart	constant easy 1000	#00BFFF
#FF0000	1	-1.67323787029126	featureless1	featureless fold 1 MSE=0.021	1	featureless	constant easy 10	#FF0000
#FF0000	1	-1.68183934782743	featureless1	featureless fold 1 MSE=0.021	1	featureless	constant easy 18	#FF0000
#FF0000	1	-1.67257471773519	featureless1	featureless fold 1 MSE=0.021	1	featureless	constant easy 32	#FF0000
#FF0000	1	-1.67878775858659	featureless1	featureless fold 1 MSE=0.021	1	featureless	constant easy 56	#FF0000
#FF0000	1	-1.68181683543151	featureless1	featureless fold 1 MSE=0.021	1	featureless	constant easy 100	#FF0000
#FF0000	1	-1.67920465883991	featureless1	featureless fold 1 MSE=0.021	1	featureless	constant easy 178	#FF0000
#FF0000	1	-1.67446661310651	featureless1	featureless fold 1 MSE=0.021	1	featureless	constant easy 316	#FF0000
#FF0000	1	-1.67623364108289	featureless1	featureless fold 1 MSE=0.021	1	featureless	constant easy 562	#FF0000
#FF0000	1	-1.67470308331666	featureless1	featureless fold 1 MSE=0.021	1	featureless	constant easy 1000	#FF0000
#FF0000	1	-1.56868300418056	featureless2	featureless fold 2 MSE=0.027	2	featureless	constant easy 10	#FF0000
#FF0000	1	-1.57038373951243	featureless2	featureless fold 2 MSE=0.027	2	featureless	constant easy 18	#FF0000
#FF0000	1	-1.56281480291469	featureless2	featureless fold 2 MSE=0.027	2	featureless	constant easy 32	#FF0000
#FF0000	1	-1.57057655011382	featureless2	featureless fold 2 MSE=0.027	2	featureless	constant easy 56	#FF0000
#FF0000	1	-1.56540104258821	featureless2	featureless fold 2 MSE=0.027	2	featureless	constant easy 100	#FF0000
#FF0000	1	-1.57044162229063	featureless2	featureless fold 2 MSE=0.027	2	featureless	constant easy 178	#FF0000
#FF0000	1	-1.57007936734616	featureless2	featureless fold 2 MSE=0.027	2	featureless	constant easy 316	#FF0000
#FF0000	1	-1.57019355004033	featureless2	featureless fold 2 MSE=0.027	2	featureless	constant easy 562	#FF0000
#FF0000	1	-1.57040727344175	featureless2	featureless fold 2 MSE=0.027	2	featureless	constant easy 1000	#FF0000
#FF0000	1	-1.65424742300773	featureless3	featureless fold 3 MSE=0.022	3	featureless	constant easy 10	#FF0000
#FF0000	1	-1.60684904986262	featureless3	featureless fold 3 MSE=0.025	3	featureless	constant easy 18	#FF0000
#FF0000	1	-1.63387740393944	featureless3	featureless fold 3 MSE=0.023	3	featureless	constant easy 32	#FF0000
#FF0000	1	-1.66463992994414	featureless3	featureless fold 3 MSE=0.022	3	featureless	constant easy 56	#FF0000
#FF0000	1	-1.66522864767712	featureless3	featureless fold 3 MSE=0.022	3	featureless	constant easy 100	#FF0000
#FF0000	1	-1.66558713840138	featureless3	featureless fold 3 MSE=0.022	3	featureless	constant easy 178	#FF0000
#FF0000	1	-1.66425925265202	featureless3	featureless fold 3 MSE=0.022	3	featureless	constant easy 316	#FF0000
#FF0000	1	-1.6658682058682	featureless3	featureless fold 3 MSE=0.022	3	featureless	constant easy 562	#FF0000
#FF0000	1	-1.6660158530885	featureless3	featureless fold 3 MSE=0.022	3	featureless	constant easy 1000	#FF0000
#FF0000	1	-1.60173343002847	featureless4	featureless fold 4 MSE=0.025	4	featureless	constant easy 10	#FF0000
#FF0000	1	-1.58149293186353	featureless4	featureless fold 4 MSE=0.026	4	featureless	constant easy 18	#FF0000
#FF0000	1	-1.59456956968695	featureless4	featureless fold 4 MSE=0.025	4	featureless	constant easy 32	#FF0000
#FF0000	1	-1.59131569065386	featureless4	featureless fold 4 MSE=0.026	4	featureless	constant easy 56	#FF0000
#FF0000	1	-1.60175663985834	featureless4	featureless fold 4 MSE=0.025	4	featureless	constant easy 100	#FF0000
#FF0000	1	-1.60089274212606	featureless4	featureless fold 4 MSE=0.025	4	featureless	constant easy 178	#FF0000
#FF0000	1	-1.60202912212021	featureless4	featureless fold 4 MSE=0.025	4	featureless	constant easy 316	#FF0000
#FF0000	1	-1.60166627039449	featureless4	featureless fold 4 MSE=0.025	4	featureless	constant easy 562	#FF0000
#FF0000	1	-1.60200271022318	featureless4	featureless fold 4 MSE=0.025	4	featureless	constant easy 1000	#FF0000
#FF0000	1	-1.64475155209712	featureless5	featureless fold 5 MSE=0.023	5	featureless	constant easy 10	#FF0000
#FF0000	1	-1.64312801647391	featureless5	featureless fold 5 MSE=0.023	5	featureless	constant easy 18	#FF0000
#FF0000	1	-1.64581308073169	featureless5	featureless fold 5 MSE=0.023	5	featureless	constant easy 32	#FF0000
#FF0000	1	-1.64620666206749	featureless5	featureless fold 5 MSE=0.023	5	featureless	constant easy 56	#FF0000
#FF0000	1	-1.64653876635627	featureless5	featureless fold 5 MSE=0.023	5	featureless	constant easy 100	#FF0000
#FF0000	1	-1.64513518419716	featureless5	featureless fold 5 MSE=0.023	5	featureless	constant easy 178	#FF0000
#FF0000	1	-1.64654351635632	featureless5	featureless fold 5 MSE=0.023	5	featureless	constant easy 316	#FF0000
#FF0000	1	-1.64615089979159	featureless5	featureless fold 5 MSE=0.023	5	featureless	constant easy 562	#FF0000
#FF0000	1	-1.64630177273113	featureless5	featureless fold 5 MSE=0.023	5	featureless	constant easy 1000	#FF0000
#FF0000	1	-1.62218411535181	featureless6	featureless fold 6 MSE=0.024	6	featureless	constant easy 10	#FF0000
#FF0000	1	-1.6535787519334	featureless6	featureless fold 6 MSE=0.022	6	featureless	constant easy 18	#FF0000
#FF0000	1	-1.6513331368186	featureless6	featureless fold 6 MSE=0.022	6	featureless	constant easy 32	#FF0000
#FF0000	1	-1.64599881883072	featureless6	featureless fold 6 MSE=0.023	6	featureless	constant easy 56	#FF0000
#FF0000	1	-1.64998421446975	featureless6	featureless fold 6 MSE=0.022	6	featureless	constant easy 100	#FF0000
#FF0000	1	-1.65389806611925	featureless6	featureless fold 6 MSE=0.022	6	featureless	constant easy 178	#FF0000
#FF0000	1	-1.65264505717018	featureless6	featureless fold 6 MSE=0.022	6	featureless	constant easy 316	#FF0000
#FF0000	1	-1.65159985378563	featureless6	featureless fold 6 MSE=0.022	6	featureless	constant easy 562	#FF0000
#FF0000	1	-1.64892370575324	featureless6	featureless fold 6 MSE=0.022	6	featureless	constant easy 1000	#FF0000
#00BFFF	2	-1.63384760737501	rpart1	rpart fold 1 MSE=0.023	1	rpart	constant hard 10	#00BFFF
#00BFFF	2	-1.6355730930669	rpart1	rpart fold 1 MSE=0.023	1	rpart	constant hard 18	#00BFFF
#00BFFF	2	-1.58735445410485	rpart1	rpart fold 1 MSE=0.026	1	rpart	constant hard 32	#00BFFF
#00BFFF	2	-1.59025495871471	rpart1	rpart fold 1 MSE=0.026	1	rpart	constant hard 56	#00BFFF
#00BFFF	2	-1.52162880809621	rpart1	rpart fold 1 MSE=0.030	1	rpart	constant hard 100	#00BFFF
#00BFFF	2	-1.56348746654514	rpart1	rpart fold 1 MSE=0.027	1	rpart	constant hard 178	#00BFFF
#00BFFF	2	-1.59786044453907	rpart1	rpart fold 1 MSE=0.025	1	rpart	constant hard 316	#00BFFF
#00BFFF	2	-1.63098613178923	rpart1	rpart fold 1 MSE=0.023	1	rpart	constant hard 562	#00BFFF
#00BFFF	2	-1.63145345641313	rpart1	rpart fold 1 MSE=0.023	1	rpart	constant hard 1000	#00BFFF
#00BFFF	2	-1.57900468860718	rpart2	rpart fold 2 MSE=0.026	2	rpart	constant hard 10	#00BFFF
#00BFFF	2	-1.57899406649972	rpart2	rpart fold 2 MSE=0.026	2	rpart	constant hard 18	#00BFFF
#00BFFF	2	-1.57466634733121	rpart2	rpart fold 2 MSE=0.027	2	rpart	constant hard 32	#00BFFF
#00BFFF	2	-1.54574543528455	rpart2	rpart fold 2 MSE=0.028	2	rpart	constant hard 56	#00BFFF
#00BFFF	2	-1.48290108501406	rpart2	rpart fold 2 MSE=0.033	2	rpart	constant hard 100	#00BFFF
#00BFFF	2	-1.52436819653908	rpart2	rpart fold 2 MSE=0.030	2	rpart	constant hard 178	#00BFFF
#00BFFF	2	-1.56107302443461	rpart2	rpart fold 2 MSE=0.027	2	rpart	constant hard 316	#00BFFF
#00BFFF	2	-1.56876571736448	rpart2	rpart fold 2 MSE=0.027	2	rpart	constant hard 562	#00BFFF
#00BFFF	2	-1.5746293090765	rpart2	rpart fold 2 MSE=0.027	2	rpart	constant hard 1000	#00BFFF
#00BFFF	2	-1.63206119962688	rpart3	rpart fold 3 MSE=0.023	3	rpart	constant hard 10	#00BFFF
#00BFFF	2	-1.65055746187282	rpart3	rpart fold 3 MSE=0.022	3	rpart	constant hard 18	#00BFFF
#00BFFF	2	-1.58865583637301	rpart3	rpart fold 3 MSE=0.026	3	rpart	constant hard 32	#00BFFF
#00BFFF	2	-1.61026225465003	rpart3	rpart fold 3 MSE=0.025	3	rpart	constant hard 56	#00BFFF
#00BFFF	2	-1.6191860161258	rpart3	rpart fold 3 MSE=0.024	3	rpart	constant hard 100	#00BFFF
#00BFFF	2	-1.64097434065291	rpart3	rpart fold 3 MSE=0.023	3	rpart	constant hard 178	#00BFFF
#00BFFF	2	-1.63826598101425	rpart3	rpart fold 3 MSE=0.023	3	rpart	constant hard 316	#00BFFF
#00BFFF	2	-1.64307903981713	rpart3	rpart fold 3 MSE=0.023	3	rpart	constant hard 562	#00BFFF
#00BFFF	2	-1.64988171337202	rpart3	rpart fold 3 MSE=0.022	3	rpart	constant hard 1000	#00BFFF
#00BFFF	2	-1.60010314367145	rpart4	rpart fold 4 MSE=0.025	4	rpart	constant hard 10	#00BFFF
#00BFFF	2	-1.61057677063657	rpart4	rpart fold 4 MSE=0.025	4	rpart	constant hard 18	#00BFFF
#00BFFF	2	-1.5827191723573	rpart4	rpart fold 4 MSE=0.026	4	rpart	constant hard 32	#00BFFF
#00BFFF	2	-1.56918722352316	rpart4	rpart fold 4 MSE=0.027	4	rpart	constant hard 56	#00BFFF
#00BFFF	2	-1.48828312686469	rpart4	rpart fold 4 MSE=0.032	4	rpart	constant hard 100	#00BFFF
#00BFFF	2	-1.55494725708826	rpart4	rpart fold 4 MSE=0.028	4	rpart	constant hard 178	#00BFFF
#00BFFF	2	-1.61488434389206	rpart4	rpart fold 4 MSE=0.024	4	rpart	constant hard 316	#00BFFF
#00BFFF	2	-1.61404584081718	rpart4	rpart fold 4 MSE=0.024	4	rpart	constant hard 562	#00BFFF
#00BFFF	2	-1.61298304875426	rpart4	rpart fold 4 MSE=0.024	4	rpart	constant hard 1000	#00BFFF
#00BFFF	2	-1.71163740416408	rpart5	rpart fold 5 MSE=0.019	5	rpart	constant hard 10	#00BFFF
#00BFFF	2	-1.72009349086484	rpart5	rpart fold 5 MSE=0.019	5	rpart	constant hard 18	#00BFFF
#00BFFF	2	-1.64138266768508	rpart5	rpart fold 5 MSE=0.023	5	rpart	constant hard 32	#00BFFF
#00BFFF	2	-1.64973851470769	rpart5	rpart fold 5 MSE=0.022	5	rpart	constant hard 56	#00BFFF
#00BFFF	2	-1.59732011847143	rpart5	rpart fold 5 MSE=0.025	5	rpart	constant hard 100	#00BFFF
#00BFFF	2	-1.60169222704676	rpart5	rpart fold 5 MSE=0.025	5	rpart	constant hard 178	#00BFFF
#00BFFF	2	-1.62523526717585	rpart5	rpart fold 5 MSE=0.024	5	rpart	constant hard 316	#00BFFF
#00BFFF	2	-1.70645054567091	rpart5	rpart fold 5 MSE=0.020	5	rpart	constant hard 562	#00BFFF
#00BFFF	2	-1.72043979375953	rpart5	rpart fold 5 MSE=0.019	5	rpart	constant hard 1000	#00BFFF
#00BFFF	2	-1.7011414739448	rpart6	rpart fold 6 MSE=0.020	6	rpart	constant hard 10	#00BFFF
#00BFFF	2	-1.70411340396689	rpart6	rpart fold 6 MSE=0.020	6	rpart	constant hard 18	#00BFFF
#00BFFF	2	-1.71390602153005	rpart6	rpart fold 6 MSE=0.019	6	rpart	constant hard 32	#00BFFF
#00BFFF	2	-1.57690514618121	rpart6	rpart fold 6 MSE=0.026	6	rpart	constant hard 56	#00BFFF
#00BFFF	2	-1.58410087856438	rpart6	rpart fold 6 MSE=0.026	6	rpart	constant hard 100	#00BFFF
#00BFFF	2	-1.61402921757235	rpart6	rpart fold 6 MSE=0.024	6	rpart	constant hard 178	#00BFFF
#00BFFF	2	-1.63318557534803	rpart6	rpart fold 6 MSE=0.023	6	rpart	constant hard 316	#00BFFF
#00BFFF	2	-1.70128992683397	rpart6	rpart fold 6 MSE=0.020	6	rpart	constant hard 562	#00BFFF
#00BFFF	2	-1.70094614653127	rpart6	rpart fold 6 MSE=0.020	6	rpart	constant hard 1000	#00BFFF
#FF0000	1	-1.63384760737501	featureless1	featureless fold 1 MSE=0.023	1	featureless	constant hard 10	#FF0000
#FF0000	1	-1.6355730930669	featureless1	featureless fold 1 MSE=0.023	1	featureless	constant hard 18	#FF0000
#FF0000	1	-1.62722397782123	featureless1	featureless fold 1 MSE=0.024	1	featureless	constant hard 32	#FF0000
#FF0000	1	-1.62688509709351	featureless1	featureless fold 1 MSE=0.024	1	featureless	constant hard 56	#FF0000
#FF0000	1	-1.61455656785464	featureless1	featureless fold 1 MSE=0.024	1	featureless	constant hard 100	#FF0000
#FF0000	1	-1.62376470222243	featureless1	featureless fold 1 MSE=0.024	1	featureless	constant hard 178	#FF0000
#FF0000	1	-1.62791285711296	featureless1	featureless fold 1 MSE=0.024	1	featureless	constant hard 316	#FF0000
#FF0000	1	-1.63098613178923	featureless1	featureless fold 1 MSE=0.023	1	featureless	constant hard 562	#FF0000
#FF0000	1	-1.63145345641313	featureless1	featureless fold 1 MSE=0.023	1	featureless	constant hard 1000	#FF0000
#FF0000	1	-1.57900468860718	featureless2	featureless fold 2 MSE=0.026	2	featureless	constant hard 10	#FF0000
#FF0000	1	-1.57899406649972	featureless2	featureless fold 2 MSE=0.026	2	featureless	constant hard 18	#FF0000
#FF0000	1	-1.5714338352299	featureless2	featureless fold 2 MSE=0.027	2	featureless	constant hard 32	#FF0000
#FF0000	1	-1.56598033257752	featureless2	featureless fold 2 MSE=0.027	2	featureless	constant hard 56	#FF0000
#FF0000	1	-1.5602309290834	featureless2	featureless fold 2 MSE=0.028	2	featureless	constant hard 100	#FF0000
#FF0000	1	-1.56716614844559	featureless2	featureless fold 2 MSE=0.027	2	featureless	constant hard 178	#FF0000
#FF0000	1	-1.57093267540427	featureless2	featureless fold 2 MSE=0.027	2	featureless	constant hard 316	#FF0000
#FF0000	1	-1.57406103327042	featureless2	featureless fold 2 MSE=0.027	2	featureless	constant hard 562	#FF0000
#FF0000	1	-1.5746293090765	featureless2	featureless fold 2 MSE=0.027	2	featureless	constant hard 1000	#FF0000
#FF0000	1	-1.63206119962688	featureless3	featureless fold 3 MSE=0.023	3	featureless	constant hard 10	#FF0000
#FF0000	1	-1.65055746187282	featureless3	featureless fold 3 MSE=0.022	3	featureless	constant hard 18	#FF0000
#FF0000	1	-1.64221238153504	featureless3	featureless fold 3 MSE=0.023	3	featureless	constant hard 32	#FF0000
#FF0000	1	-1.64136607750862	featureless3	featureless fold 3 MSE=0.023	3	featureless	constant hard 56	#FF0000
#FF0000	1	-1.64495029487223	featureless3	featureless fold 3 MSE=0.023	3	featureless	constant hard 100	#FF0000
#FF0000	1	-1.65025197538658	featureless3	featureless fold 3 MSE=0.022	3	featureless	constant hard 178	#FF0000
#FF0000	1	-1.6505792015634	featureless3	featureless fold 3 MSE=0.022	3	featureless	constant hard 316	#FF0000
#FF0000	1	-1.64987719963723	featureless3	featureless fold 3 MSE=0.022	3	featureless	constant hard 562	#FF0000
#FF0000	1	-1.64988171337202	featureless3	featureless fold 3 MSE=0.022	3	featureless	constant hard 1000	#FF0000
#FF0000	1	-1.60010314367145	featureless4	featureless fold 4 MSE=0.025	4	featureless	constant hard 10	#FF0000
#FF0000	1	-1.61057677063657	featureless4	featureless fold 4 MSE=0.025	4	featureless	constant hard 18	#FF0000
#FF0000	1	-1.61596235948202	featureless4	featureless fold 4 MSE=0.024	4	featureless	constant hard 32	#FF0000
#FF0000	1	-1.61523030542802	featureless4	featureless fold 4 MSE=0.024	4	featureless	constant hard 56	#FF0000
#FF0000	1	-1.61064735364231	featureless4	featureless fold 4 MSE=0.025	4	featureless	constant hard 100	#FF0000
#FF0000	1	-1.61602780259238	featureless4	featureless fold 4 MSE=0.024	4	featureless	constant hard 178	#FF0000
#FF0000	1	-1.61600650329914	featureless4	featureless fold 4 MSE=0.024	4	featureless	constant hard 316	#FF0000
#FF0000	1	-1.61404584081718	featureless4	featureless fold 4 MSE=0.024	4	featureless	constant hard 562	#FF0000
#FF0000	1	-1.61298304875426	featureless4	featureless fold 4 MSE=0.024	4	featureless	constant hard 1000	#FF0000
#FF0000	1	-1.71163740416408	featureless5	featureless fold 5 MSE=0.019	5	featureless	constant hard 10	#FF0000
#FF0000	1	-1.72009349086484	featureless5	featureless fold 5 MSE=0.019	5	featureless	constant hard 18	#FF0000
#FF0000	1	-1.72019020831626	featureless5	featureless fold 5 MSE=0.019	5	featureless	constant hard 32	#FF0000
#FF0000	1	-1.71938146436317	featureless5	featureless fold 5 MSE=0.019	5	featureless	constant hard 56	#FF0000
#FF0000	1	-1.71337545994753	featureless5	featureless fold 5 MSE=0.019	5	featureless	constant hard 100	#FF0000
#FF0000	1	-1.71971206851111	featureless5	featureless fold 5 MSE=0.019	5	featureless	constant hard 178	#FF0000
#FF0000	1	-1.72021293120326	featureless5	featureless fold 5 MSE=0.019	5	featureless	constant hard 316	#FF0000
#FF0000	1	-1.72047133310179	featureless5	featureless fold 5 MSE=0.019	5	featureless	constant hard 562	#FF0000
#FF0000	1	-1.72043979375953	featureless5	featureless fold 5 MSE=0.019	5	featureless	constant hard 1000	#FF0000
#FF0000	1	-1.7011414739448	featureless6	featureless fold 6 MSE=0.020	6	featureless	constant hard 10	#FF0000
#FF0000	1	-1.70411340396689	featureless6	featureless fold 6 MSE=0.020	6	featureless	constant hard 18	#FF0000
#FF0000	1	-1.70135305418935	featureless6	featureless fold 6 MSE=0.020	6	featureless	constant hard 32	#FF0000
#FF0000	1	-1.69844683220978	featureless6	featureless fold 6 MSE=0.020	6	featureless	constant hard 56	#FF0000
#FF0000	1	-1.70299611127823	featureless6	featureless fold 6 MSE=0.020	6	featureless	constant hard 100	#FF0000
#FF0000	1	-1.69770507243678	featureless6	featureless fold 6 MSE=0.020	6	featureless	constant hard 178	#FF0000
#FF0000	1	-1.70235608076737	featureless6	featureless fold 6 MSE=0.020	6	featureless	constant hard 316	#FF0000
#FF0000	1	-1.69950965438627	featureless6	featureless fold 6 MSE=0.020	6	featureless	constant hard 562	#FF0000
#FF0000	1	-1.70094614653127	featureless6	featureless fold 6 MSE=0.020	6	featureless	constant hard 1000	#FF0000
#00BFFF	2	-1.52716820638993	rpart1	rpart fold 1 MSE=0.030	1	rpart	constant impossible 10	#00BFFF
#00BFFF	2	-1.5400832333761	rpart1	rpart fold 1 MSE=0.029	1	rpart	constant impossible 18	#00BFFF
#00BFFF	2	-1.48428574825304	rpart1	rpart fold 1 MSE=0.033	1	rpart	constant impossible 32	#00BFFF
#00BFFF	2	-1.47011527005983	rpart1	rpart fold 1 MSE=0.034	1	rpart	constant impossible 56	#00BFFF
#00BFFF	2	-1.45961250178495	rpart1	rpart fold 1 MSE=0.035	1	rpart	constant impossible 100	#00BFFF
#00BFFF	2	-1.38488054033898	rpart1	rpart fold 1 MSE=0.041	1	rpart	constant impossible 178	#00BFFF
#00BFFF	2	-1.52674907596208	rpart1	rpart fold 1 MSE=0.030	1	rpart	constant impossible 316	#00BFFF
#00BFFF	2	-1.53375537369741	rpart1	rpart fold 1 MSE=0.029	1	rpart	constant impossible 562	#00BFFF
#00BFFF	2	-1.53869880291932	rpart1	rpart fold 1 MSE=0.029	1	rpart	constant impossible 1000	#00BFFF
#00BFFF	2	-1.41876640948652	rpart2	rpart fold 2 MSE=0.038	2	rpart	constant impossible 10	#00BFFF
#00BFFF	2	-1.56613286775757	rpart2	rpart fold 2 MSE=0.027	2	rpart	constant impossible 18	#00BFFF
#00BFFF	2	-1.54620804289678	rpart2	rpart fold 2 MSE=0.028	2	rpart	constant impossible 32	#00BFFF
#00BFFF	2	-1.50078468086597	rpart2	rpart fold 2 MSE=0.032	2	rpart	constant impossible 56	#00BFFF
#00BFFF	2	-1.49410242098137	rpart2	rpart fold 2 MSE=0.032	2	rpart	constant impossible 100	#00BFFF
#00BFFF	2	-1.49639155822605	rpart2	rpart fold 2 MSE=0.032	2	rpart	constant impossible 178	#00BFFF
#00BFFF	2	-1.55751201340673	rpart2	rpart fold 2 MSE=0.028	2	rpart	constant impossible 316	#00BFFF
#00BFFF	2	-1.59216001183741	rpart2	rpart fold 2 MSE=0.026	2	rpart	constant impossible 562	#00BFFF
#00BFFF	2	-1.59283713989437	rpart2	rpart fold 2 MSE=0.026	2	rpart	constant impossible 1000	#00BFFF
#00BFFF	2	-1.42364081000097	rpart3	rpart fold 3 MSE=0.038	3	rpart	constant impossible 10	#00BFFF
#00BFFF	2	-1.49844116411982	rpart3	rpart fold 3 MSE=0.032	3	rpart	constant impossible 18	#00BFFF
#00BFFF	2	-1.44009384899382	rpart3	rpart fold 3 MSE=0.036	3	rpart	constant impossible 32	#00BFFF
#00BFFF	2	-1.42891010127594	rpart3	rpart fold 3 MSE=0.037	3	rpart	constant impossible 56	#00BFFF
#00BFFF	2	-1.45677961869349	rpart3	rpart fold 3 MSE=0.035	3	rpart	constant impossible 100	#00BFFF
#00BFFF	2	-1.42069476747322	rpart3	rpart fold 3 MSE=0.038	3	rpart	constant impossible 178	#00BFFF
#00BFFF	2	-1.49493303427784	rpart3	rpart fold 3 MSE=0.032	3	rpart	constant impossible 316	#00BFFF
#00BFFF	2	-1.5099804623262	rpart3	rpart fold 3 MSE=0.031	3	rpart	constant impossible 562	#00BFFF
#00BFFF	2	-1.51580418415305	rpart3	rpart fold 3 MSE=0.030	3	rpart	constant impossible 1000	#00BFFF
#00BFFF	2	-1.45683523115445	rpart4	rpart fold 4 MSE=0.035	4	rpart	constant impossible 10	#00BFFF
#00BFFF	2	-1.5357570359528	rpart4	rpart fold 4 MSE=0.029	4	rpart	constant impossible 18	#00BFFF
#00BFFF	2	-1.43973981686827	rpart4	rpart fold 4 MSE=0.036	4	rpart	constant impossible 32	#00BFFF
#00BFFF	2	-1.40843462626103	rpart4	rpart fold 4 MSE=0.039	4	rpart	constant impossible 56	#00BFFF
#00BFFF	2	-1.45162382108388	rpart4	rpart fold 4 MSE=0.035	4	rpart	constant impossible 100	#00BFFF
#00BFFF	2	-1.4404867060045	rpart4	rpart fold 4 MSE=0.036	4	rpart	constant impossible 178	#00BFFF
#00BFFF	2	-1.54962260842014	rpart4	rpart fold 4 MSE=0.028	4	rpart	constant impossible 316	#00BFFF
#00BFFF	2	-1.57927251531336	rpart4	rpart fold 4 MSE=0.026	4	rpart	constant impossible 562	#00BFFF
#00BFFF	2	-1.60569027360839	rpart4	rpart fold 4 MSE=0.025	4	rpart	constant impossible 1000	#00BFFF
#00BFFF	2	-1.5792232548442	rpart5	rpart fold 5 MSE=0.026	5	rpart	constant impossible 10	#00BFFF
#00BFFF	2	-1.59066622662173	rpart5	rpart fold 5 MSE=0.026	5	rpart	constant impossible 18	#00BFFF
#00BFFF	2	-1.55709722565033	rpart5	rpart fold 5 MSE=0.028	5	rpart	constant impossible 32	#00BFFF
#00BFFF	2	-1.60008697288991	rpart5	rpart fold 5 MSE=0.025	5	rpart	constant impossible 56	#00BFFF
#00BFFF	2	-1.53719916890366	rpart5	rpart fold 5 MSE=0.029	5	rpart	constant impossible 100	#00BFFF
#00BFFF	2	-1.54750333536083	rpart5	rpart fold 5 MSE=0.028	5	rpart	constant impossible 178	#00BFFF
#00BFFF	2	-1.54236434908364	rpart5	rpart fold 5 MSE=0.029	5	rpart	constant impossible 316	#00BFFF
#00BFFF	2	-1.5839566389062	rpart5	rpart fold 5 MSE=0.026	5	rpart	constant impossible 562	#00BFFF
#00BFFF	2	-1.58967551812982	rpart5	rpart fold 5 MSE=0.026	5	rpart	constant impossible 1000	#00BFFF
#00BFFF	2	-1.58046259137021	rpart6	rpart fold 6 MSE=0.026	6	rpart	constant impossible 10	#00BFFF
#00BFFF	2	-1.58189588167586	rpart6	rpart fold 6 MSE=0.026	6	rpart	constant impossible 18	#00BFFF
#00BFFF	2	-1.35322985632602	rpart6	rpart fold 6 MSE=0.044	6	rpart	constant impossible 32	#00BFFF
#00BFFF	2	-1.46154627604817	rpart6	rpart fold 6 MSE=0.035	6	rpart	constant impossible 56	#00BFFF
#00BFFF	2	-1.48322488432404	rpart6	rpart fold 6 MSE=0.033	6	rpart	constant impossible 100	#00BFFF
#00BFFF	2	-1.52800511832756	rpart6	rpart fold 6 MSE=0.030	6	rpart	constant impossible 178	#00BFFF
#00BFFF	2	-1.55835591407275	rpart6	rpart fold 6 MSE=0.028	6	rpart	constant impossible 316	#00BFFF
#00BFFF	2	-1.58264913420004	rpart6	rpart fold 6 MSE=0.026	6	rpart	constant impossible 562	#00BFFF
#00BFFF	2	-1.58277918313133	rpart6	rpart fold 6 MSE=0.026	6	rpart	constant impossible 1000	#00BFFF
#FF0000	1	-1.52716820638993	featureless1	featureless fold 1 MSE=0.030	1	featureless	constant impossible 10	#FF0000
#FF0000	1	-1.5400832333761	featureless1	featureless fold 1 MSE=0.029	1	featureless	constant impossible 18	#FF0000
#FF0000	1	-1.53969812449691	featureless1	featureless fold 1 MSE=0.029	1	featureless	constant impossible 32	#FF0000
#FF0000	1	-1.52471193746871	featureless1	featureless fold 1 MSE=0.030	1	featureless	constant impossible 56	#FF0000
#FF0000	1	-1.52236060042524	featureless1	featureless fold 1 MSE=0.030	1	featureless	constant impossible 100	#FF0000
#FF0000	1	-1.53515050783688	featureless1	featureless fold 1 MSE=0.029	1	featureless	constant impossible 178	#FF0000
#FF0000	1	-1.53478398545772	featureless1	featureless fold 1 MSE=0.029	1	featureless	constant impossible 316	#FF0000
#FF0000	1	-1.53643368770307	featureless1	featureless fold 1 MSE=0.029	1	featureless	constant impossible 562	#FF0000
#FF0000	1	-1.53869880291932	featureless1	featureless fold 1 MSE=0.029	1	featureless	constant impossible 1000	#FF0000
#FF0000	1	-1.41876640948652	featureless2	featureless fold 2 MSE=0.038	2	featureless	constant impossible 10	#FF0000
#FF0000	1	-1.56613286775757	featureless2	featureless fold 2 MSE=0.027	2	featureless	constant impossible 18	#FF0000
#FF0000	1	-1.56264362943027	featureless2	featureless fold 2 MSE=0.027	2	featureless	constant impossible 32	#FF0000
#FF0000	1	-1.55185800998521	featureless2	featureless fold 2 MSE=0.028	2	featureless	constant impossible 56	#FF0000
#FF0000	1	-1.56611116491914	featureless2	featureless fold 2 MSE=0.027	2	featureless	constant impossible 100	#FF0000
#FF0000	1	-1.58883676962992	featureless2	featureless fold 2 MSE=0.026	2	featureless	constant impossible 178	#FF0000
#FF0000	1	-1.5890192504163	featureless2	featureless fold 2 MSE=0.026	2	featureless	constant impossible 316	#FF0000
#FF0000	1	-1.59216001183741	featureless2	featureless fold 2 MSE=0.026	2	featureless	constant impossible 562	#FF0000
#FF0000	1	-1.59283713989437	featureless2	featureless fold 2 MSE=0.026	2	featureless	constant impossible 1000	#FF0000
#FF0000	1	-1.42364081000097	featureless3	featureless fold 3 MSE=0.038	3	featureless	constant impossible 10	#FF0000
#FF0000	1	-1.49844116411982	featureless3	featureless fold 3 MSE=0.032	3	featureless	constant impossible 18	#FF0000
#FF0000	1	-1.49348143992366	featureless3	featureless fold 3 MSE=0.032	3	featureless	constant impossible 32	#FF0000
#FF0000	1	-1.50460629179639	featureless3	featureless fold 3 MSE=0.031	3	featureless	constant impossible 56	#FF0000
#FF0000	1	-1.51562278180062	featureless3	featureless fold 3 MSE=0.031	3	featureless	constant impossible 100	#FF0000
#FF0000	1	-1.52023053858122	featureless3	featureless fold 3 MSE=0.030	3	featureless	constant impossible 178	#FF0000
#FF0000	1	-1.52042583783803	featureless3	featureless fold 3 MSE=0.030	3	featureless	constant impossible 316	#FF0000
#FF0000	1	-1.51816545176726	featureless3	featureless fold 3 MSE=0.030	3	featureless	constant impossible 562	#FF0000
#FF0000	1	-1.51580418415305	featureless3	featureless fold 3 MSE=0.030	3	featureless	constant impossible 1000	#FF0000
#FF0000	1	-1.45683523115445	featureless4	featureless fold 4 MSE=0.035	4	featureless	constant impossible 10	#FF0000
#FF0000	1	-1.5357570359528	featureless4	featureless fold 4 MSE=0.029	4	featureless	constant impossible 18	#FF0000
#FF0000	1	-1.53963929552197	featureless4	featureless fold 4 MSE=0.029	4	featureless	constant impossible 32	#FF0000
#FF0000	1	-1.5471705491639	featureless4	featureless fold 4 MSE=0.028	4	featureless	constant impossible 56	#FF0000
#FF0000	1	-1.56748300276623	featureless4	featureless fold 4 MSE=0.027	4	featureless	constant impossible 100	#FF0000
#FF0000	1	-1.60183610936826	featureless4	featureless fold 4 MSE=0.025	4	featureless	constant impossible 178	#FF0000
#FF0000	1	-1.59034697164241	featureless4	featureless fold 4 MSE=0.026	4	featureless	constant impossible 316	#FF0000
#FF0000	1	-1.60571673643219	featureless4	featureless fold 4 MSE=0.025	4	featureless	constant impossible 562	#FF0000
#FF0000	1	-1.60569027360839	featureless4	featureless fold 4 MSE=0.025	4	featureless	constant impossible 1000	#FF0000
#FF0000	1	-1.5792232548442	featureless5	featureless fold 5 MSE=0.026	5	featureless	constant impossible 10	#FF0000
#FF0000	1	-1.59066622662173	featureless5	featureless fold 5 MSE=0.026	5	featureless	constant impossible 18	#FF0000
#FF0000	1	-1.59026882181524	featureless5	featureless fold 5 MSE=0.026	5	featureless	constant impossible 32	#FF0000
#FF0000	1	-1.58975502782502	featureless5	featureless fold 5 MSE=0.026	5	featureless	constant impossible 56	#FF0000
#FF0000	1	-1.5906798247469	featureless5	featureless fold 5 MSE=0.026	5	featureless	constant impossible 100	#FF0000
#FF0000	1	-1.58864729591383	featureless5	featureless fold 5 MSE=0.026	5	featureless	constant impossible 178	#FF0000
#FF0000	1	-1.59030503213969	featureless5	featureless fold 5 MSE=0.026	5	featureless	constant impossible 316	#FF0000
#FF0000	1	-1.5888676940081	featureless5	featureless fold 5 MSE=0.026	5	featureless	constant impossible 562	#FF0000
#FF0000	1	-1.58967551812982	featureless5	featureless fold 5 MSE=0.026	5	featureless	constant impossible 1000	#FF0000
#FF0000	1	-1.58046259137021	featureless6	featureless fold 6 MSE=0.026	6	featureless	constant impossible 10	#FF0000
#FF0000	1	-1.58189588167586	featureless6	featureless fold 6 MSE=0.026	6	featureless	constant impossible 18	#FF0000
#FF0000	1	-1.58291591998171	featureless6	featureless fold 6 MSE=0.026	6	featureless	constant impossible 32	#FF0000
#FF0000	1	-1.58288714297409	featureless6	featureless fold 6 MSE=0.026	6	featureless	constant impossible 56	#FF0000
#FF0000	1	-1.5834393102087	featureless6	featureless fold 6 MSE=0.026	6	featureless	constant impossible 100	#FF0000
#FF0000	1	-1.57896424192259	featureless6	featureless fold 6 MSE=0.026	6	featureless	constant impossible 178	#FF0000
#FF0000	1	-1.58224887454234	featureless6	featureless fold 6 MSE=0.026	6	featureless	constant impossible 316	#FF0000
#FF0000	1	-1.58264913420004	featureless6	featureless fold 6 MSE=0.026	6	featureless	constant impossible 562	#FF0000
#FF0000	1	-1.58277918313133	featureless6	featureless fold 6 MSE=0.026	6	featureless	constant impossible 1000	#FF0000
